--
-- PostgreSQL database dump
--

-- Dumped from database version 15.8
-- Dumped by pg_dump version 15.8

SET statement_timeout = 0;
SET lock_timeout = 0;
SET idle_in_transaction_session_timeout = 0;
SET client_encoding = 'UTF8';
SET standard_conforming_strings = on;
SELECT pg_catalog.set_config('search_path', '', false);
SET check_function_bodies = false;
SET xmloption = content;
SET client_min_messages = warning;
SET row_security = off;

--
-- Data for Name: branches; Type: TABLE DATA; Schema: public; Owner: supabase_admin
--

INSERT INTO public.branches (id, name, created_at, updated_at) VALUES (19, 'dewadsda', '2025-06-09 12:54:33.571682+00', '2025-06-09 12:54:33.571682+00');
INSERT INTO public.branches (id, name, created_at, updated_at) VALUES (20, 'new', '2025-06-09 12:54:47.624946+00', '2025-06-09 12:54:47.624946+00');
INSERT INTO public.branches (id, name, created_at, updated_at) VALUES (21, 'tomi', '2025-06-09 12:56:39.673784+00', '2025-06-09 12:56:39.673784+00');
INSERT INTO public.branches (id, name, created_at, updated_at) VALUES (22, 'tomi2', '2025-06-09 12:57:11.046086+00', '2025-06-09 12:57:11.046086+00');
INSERT INTO public.branches (id, name, created_at, updated_at) VALUES (23, 'sa', '2025-06-11 08:37:40.94245+00', '2025-06-11 08:37:40.94245+00');
INSERT INTO public.branches (id, name, created_at, updated_at) VALUES (24, 'xdsa', '2025-06-11 08:38:08.086758+00', '2025-06-11 08:38:08.086758+00');
INSERT INTO public.branches (id, name, created_at, updated_at) VALUES (52, 'CL_5304', '2025-06-13 08:29:23.387942+00', '2025-06-13 08:29:23.387942+00');
INSERT INTO public.branches (id, name, created_at, updated_at) VALUES (53, 'CL_5301', '2025-06-13 08:59:53.379509+00', '2025-06-13 08:59:53.379509+00');
INSERT INTO public.branches (id, name, created_at, updated_at) VALUES (54, 'CL_5302', '2025-06-13 09:00:03.459115+00', '2025-06-13 09:00:03.459115+00');
INSERT INTO public.branches (id, name, created_at, updated_at) VALUES (55, 'CL_5303', '2025-06-13 09:00:08.423145+00', '2025-06-13 09:00:08.423145+00');
INSERT INTO public.branches (id, name, created_at, updated_at) VALUES (56, 'CL_5305', '2025-06-13 09:00:28.792822+00', '2025-06-13 09:00:28.792822+00');
INSERT INTO public.branches (id, name, created_at, updated_at) VALUES (57, 'CL_5306', '2025-06-13 09:00:33.495421+00', '2025-06-13 09:00:33.495421+00');
INSERT INTO public.branches (id, name, created_at, updated_at) VALUES (58, 'CL_5307', '2025-06-13 09:00:45.56363+00', '2025-06-13 09:00:45.56363+00');
INSERT INTO public.branches (id, name, created_at, updated_at) VALUES (59, 'CL_5310', '2025-06-13 09:02:21.530364+00', '2025-06-13 09:02:21.530364+00');
INSERT INTO public.branches (id, name, created_at, updated_at) VALUES (60, 'CL_5311', '2025-06-13 09:02:29.672483+00', '2025-06-13 09:02:29.672483+00');
INSERT INTO public.branches (id, name, created_at, updated_at) VALUES (61, 'CL_5312', '2025-06-13 09:02:36.129736+00', '2025-06-13 09:02:36.129736+00');
INSERT INTO public.branches (id, name, created_at, updated_at) VALUES (62, 'CL_5313', '2025-06-13 09:02:41.963717+00', '2025-06-13 09:02:41.963717+00');
INSERT INTO public.branches (id, name, created_at, updated_at) VALUES (63, 'TU_5300', '2025-06-13 09:04:32.800564+00', '2025-06-13 09:04:32.800564+00');
INSERT INTO public.branches (id, name, created_at, updated_at) VALUES (64, 'CL_2500', '2025-06-13 09:12:15.428647+00', '2025-06-13 09:12:15.428647+00');
INSERT INTO public.branches (id, name, created_at, updated_at) VALUES (65, 'CL_2501', '2025-06-13 09:12:33.352223+00', '2025-06-13 09:12:33.352223+00');
INSERT INTO public.branches (id, name, created_at, updated_at) VALUES (66, 'CL_2502', '2025-06-13 09:12:41.490336+00', '2025-06-13 09:12:41.490336+00');
INSERT INTO public.branches (id, name, created_at, updated_at) VALUES (67, 'CL_2508', '2025-06-13 09:12:45.76426+00', '2025-06-13 09:12:45.76426+00');
INSERT INTO public.branches (id, name, created_at, updated_at) VALUES (68, 'CL_2509', '2025-06-13 09:13:04.717296+00', '2025-06-13 09:13:04.717296+00');
INSERT INTO public.branches (id, name, created_at, updated_at) VALUES (69, 'CL_2510', '2025-06-13 09:13:10.24462+00', '2025-06-13 09:13:10.24462+00');
INSERT INTO public.branches (id, name, created_at, updated_at) VALUES (70, 'CL_2511', '2025-06-13 09:13:19.995627+00', '2025-06-13 09:13:19.995627+00');
INSERT INTO public.branches (id, name, created_at, updated_at) VALUES (71, 'CL_2512', '2025-06-13 09:13:24.217788+00', '2025-06-13 09:13:24.217788+00');
INSERT INTO public.branches (id, name, created_at, updated_at) VALUES (72, 'CL_2513', '2025-06-13 09:13:28.40292+00', '2025-06-13 09:13:28.40292+00');
INSERT INTO public.branches (id, name, created_at, updated_at) VALUES (73, 'CL_2514', '2025-06-13 09:13:42.729204+00', '2025-06-13 09:13:42.729204+00');
INSERT INTO public.branches (id, name, created_at, updated_at) VALUES (74, 'CL_2515', '2025-06-13 09:13:51.324661+00', '2025-06-13 09:13:51.324661+00');
INSERT INTO public.branches (id, name, created_at, updated_at) VALUES (75, 'CL_2516', '2025-06-13 09:13:55.134818+00', '2025-06-13 09:13:55.134818+00');
INSERT INTO public.branches (id, name, created_at, updated_at) VALUES (76, 'CL_2518', '2025-06-13 09:14:01.072705+00', '2025-06-13 09:14:01.072705+00');
INSERT INTO public.branches (id, name, created_at, updated_at) VALUES (77, 'CL_2450', '2025-06-13 09:14:49.509139+00', '2025-06-13 09:14:49.509139+00');
INSERT INTO public.branches (id, name, created_at, updated_at) VALUES (78, 'CL_2451', '2025-06-13 09:14:54.759402+00', '2025-06-13 09:14:54.759402+00');
INSERT INTO public.branches (id, name, created_at, updated_at) VALUES (79, 'CL_2452', '2025-06-13 09:14:58.222126+00', '2025-06-13 09:14:58.222126+00');
INSERT INTO public.branches (id, name, created_at, updated_at) VALUES (80, 'CL_2453', '2025-06-13 09:15:02.251357+00', '2025-06-13 09:15:02.251357+00');
INSERT INTO public.branches (id, name, created_at, updated_at) VALUES (81, 'CL_2454', '2025-06-13 09:15:06.075381+00', '2025-06-13 09:15:06.075381+00');
INSERT INTO public.branches (id, name, created_at, updated_at) VALUES (82, 'CL_2455', '2025-06-13 09:15:09.352521+00', '2025-06-13 09:15:09.352521+00');
INSERT INTO public.branches (id, name, created_at, updated_at) VALUES (83, 'CL_2456', '2025-06-13 09:15:12.779986+00', '2025-06-13 09:15:12.779986+00');
INSERT INTO public.branches (id, name, created_at, updated_at) VALUES (84, 'CL_2457', '2025-06-13 09:15:16.660219+00', '2025-06-13 09:15:16.660219+00');
INSERT INTO public.branches (id, name, created_at, updated_at) VALUES (85, 'CL_3801', '2025-06-13 09:16:02.19314+00', '2025-06-13 09:16:02.19314+00');
INSERT INTO public.branches (id, name, created_at, updated_at) VALUES (86, 'CL_3802', '2025-06-13 09:16:08.484782+00', '2025-06-13 09:16:08.484782+00');
INSERT INTO public.branches (id, name, created_at, updated_at) VALUES (87, 'CL_3804', '2025-06-13 09:16:12.053188+00', '2025-06-13 09:16:12.053188+00');
INSERT INTO public.branches (id, name, created_at, updated_at) VALUES (88, 'CL_1350', '2025-06-13 13:35:00.8079+00', '2025-06-13 13:35:00.8079+00');
INSERT INTO public.branches (id, name, created_at, updated_at) VALUES (90, 'CL_1800', '2025-06-16 07:48:31.000754+00', '2025-06-16 07:48:31.000754+00');
INSERT INTO public.branches (id, name, created_at, updated_at) VALUES (91, 'CL_1801', '2025-06-16 07:48:35.670983+00', '2025-06-16 07:48:35.670983+00');
INSERT INTO public.branches (id, name, created_at, updated_at) VALUES (92, 'CL_1802', '2025-06-16 07:48:39.593202+00', '2025-06-16 07:48:39.593202+00');
INSERT INTO public.branches (id, name, created_at, updated_at) VALUES (93, 'CL_1808', '2025-06-16 07:48:45.001948+00', '2025-06-16 07:48:45.001948+00');
INSERT INTO public.branches (id, name, created_at, updated_at) VALUES (94, 'CL_1809', '2025-06-16 07:48:49.230346+00', '2025-06-16 07:48:49.230346+00');
INSERT INTO public.branches (id, name, created_at, updated_at) VALUES (95, 'CL_1810', '2025-06-16 07:49:01.442405+00', '2025-06-16 07:49:01.442405+00');
INSERT INTO public.branches (id, name, created_at, updated_at) VALUES (96, 'CL_1811', '2025-06-16 07:49:05.25122+00', '2025-06-16 07:49:05.25122+00');
INSERT INTO public.branches (id, name, created_at, updated_at) VALUES (97, 'CL_1812', '2025-06-16 07:49:08.64836+00', '2025-06-16 07:49:08.64836+00');
INSERT INTO public.branches (id, name, created_at, updated_at) VALUES (98, 'CL_1813', '2025-06-16 07:49:12.892648+00', '2025-06-16 07:49:12.892648+00');
INSERT INTO public.branches (id, name, created_at, updated_at) VALUES (99, 'CL_1814', '2025-06-16 07:49:16.171177+00', '2025-06-16 07:49:16.171177+00');
INSERT INTO public.branches (id, name, created_at, updated_at) VALUES (100, 'CL_1815', '2025-06-16 07:49:19.59867+00', '2025-06-16 07:49:19.59867+00');
INSERT INTO public.branches (id, name, created_at, updated_at) VALUES (101, 'CL_1816', '2025-06-16 07:49:23.20843+00', '2025-06-16 07:49:23.20843+00');
INSERT INTO public.branches (id, name, created_at, updated_at) VALUES (102, 'CL_1818', '2025-06-16 07:49:27.345201+00', '2025-06-16 07:49:27.345201+00');


--
-- Data for Name: configurations; Type: TABLE DATA; Schema: public; Owner: supabase_admin
--

INSERT INTO public.configurations (id, kfb, mac_address, created_at, updated_at) VALUES (16, 'IW0160029', 'AA:BB:CC:DD:EE:FF', '2025-06-13 11:40:25.700193+00', '2025-06-13 11:40:25.700193+00');


--
-- Data for Name: kfb_info_details; Type: TABLE DATA; Schema: public; Owner: supabase_admin
--

INSERT INTO public.kfb_info_details (id, config_id, kfb_info_value, created_at, updated_at) VALUES (16, 16, '83AUDAU40X02-70', '2025-06-16 07:53:01.159954+00', '2025-06-16 07:53:01.159954+00');
INSERT INTO public.kfb_info_details (id, config_id, kfb_info_value, created_at, updated_at) VALUES (17, 16, '83AUDAU40X02-61', '2025-06-16 07:53:01.159954+00', '2025-06-16 07:53:01.159954+00');
INSERT INTO public.kfb_info_details (id, config_id, kfb_info_value, created_at, updated_at) VALUES (18, 16, '83AUDAU40X02-77', '2025-06-16 07:53:01.159954+00', '2025-06-16 07:53:01.159954+00');
INSERT INTO public.kfb_info_details (id, config_id, kfb_info_value, created_at, updated_at) VALUES (19, 16, '83AUDAU59X02-76', '2025-06-16 07:53:01.159954+00', '2025-06-16 07:53:01.159954+00');


--
-- Data for Name: config_branches; Type: TABLE DATA; Schema: public; Owner: supabase_admin
--

INSERT INTO public.config_branches (config_id, branch_id, kfb_info_detail_id, not_tested) VALUES (16, 92, 16, false);
INSERT INTO public.config_branches (config_id, branch_id, kfb_info_detail_id, not_tested) VALUES (16, 90, 19, false);
INSERT INTO public.config_branches (config_id, branch_id, kfb_info_detail_id, not_tested) VALUES (16, 90, 17, false);
INSERT INTO public.config_branches (config_id, branch_id, kfb_info_detail_id, not_tested) VALUES (16, 52, 17, false);
INSERT INTO public.config_branches (config_id, branch_id, kfb_info_detail_id, not_tested) VALUES (16, 90, 16, false);
INSERT INTO public.config_branches (config_id, branch_id, kfb_info_detail_id, not_tested) VALUES (16, 61, 16, false);
INSERT INTO public.config_branches (config_id, branch_id, kfb_info_detail_id, not_tested) VALUES (16, 62, 16, false);
INSERT INTO public.config_branches (config_id, branch_id, kfb_info_detail_id, not_tested) VALUES (16, 63, 16, false);
INSERT INTO public.config_branches (config_id, branch_id, kfb_info_detail_id, not_tested) VALUES (16, 56, 17, false);
INSERT INTO public.config_branches (config_id, branch_id, kfb_info_detail_id, not_tested) VALUES (16, 57, 17, false);
INSERT INTO public.config_branches (config_id, branch_id, kfb_info_detail_id, not_tested) VALUES (16, 58, 17, false);
INSERT INTO public.config_branches (config_id, branch_id, kfb_info_detail_id, not_tested) VALUES (16, 59, 17, false);
INSERT INTO public.config_branches (config_id, branch_id, kfb_info_detail_id, not_tested) VALUES (16, 60, 17, false);
INSERT INTO public.config_branches (config_id, branch_id, kfb_info_detail_id, not_tested) VALUES (16, 61, 17, false);
INSERT INTO public.config_branches (config_id, branch_id, kfb_info_detail_id, not_tested) VALUES (16, 62, 17, false);
INSERT INTO public.config_branches (config_id, branch_id, kfb_info_detail_id, not_tested) VALUES (16, 63, 17, false);
INSERT INTO public.config_branches (config_id, branch_id, kfb_info_detail_id, not_tested) VALUES (16, 90, 18, false);
INSERT INTO public.config_branches (config_id, branch_id, kfb_info_detail_id, not_tested) VALUES (16, 91, 18, false);
INSERT INTO public.config_branches (config_id, branch_id, kfb_info_detail_id, not_tested) VALUES (16, 57, 18, false);
INSERT INTO public.config_branches (config_id, branch_id, kfb_info_detail_id, not_tested) VALUES (16, 58, 18, false);
INSERT INTO public.config_branches (config_id, branch_id, kfb_info_detail_id, not_tested) VALUES (16, 59, 18, false);
INSERT INTO public.config_branches (config_id, branch_id, kfb_info_detail_id, not_tested) VALUES (16, 60, 18, false);
INSERT INTO public.config_branches (config_id, branch_id, kfb_info_detail_id, not_tested) VALUES (16, 61, 18, false);
INSERT INTO public.config_branches (config_id, branch_id, kfb_info_detail_id, not_tested) VALUES (16, 62, 18, false);
INSERT INTO public.config_branches (config_id, branch_id, kfb_info_detail_id, not_tested) VALUES (16, 91, 19, false);
INSERT INTO public.config_branches (config_id, branch_id, kfb_info_detail_id, not_tested) VALUES (16, 92, 19, false);
INSERT INTO public.config_branches (config_id, branch_id, kfb_info_detail_id, not_tested) VALUES (16, 93, 19, false);
INSERT INTO public.config_branches (config_id, branch_id, kfb_info_detail_id, not_tested) VALUES (16, 94, 19, false);
INSERT INTO public.config_branches (config_id, branch_id, kfb_info_detail_id, not_tested) VALUES (16, 95, 19, false);
INSERT INTO public.config_branches (config_id, branch_id, kfb_info_detail_id, not_tested) VALUES (16, 96, 19, false);
INSERT INTO public.config_branches (config_id, branch_id, kfb_info_detail_id, not_tested) VALUES (16, 97, 19, false);
INSERT INTO public.config_branches (config_id, branch_id, kfb_info_detail_id, not_tested) VALUES (16, 98, 19, false);
INSERT INTO public.config_branches (config_id, branch_id, kfb_info_detail_id, not_tested) VALUES (16, 99, 19, false);
INSERT INTO public.config_branches (config_id, branch_id, kfb_info_detail_id, not_tested) VALUES (16, 100, 19, false);
INSERT INTO public.config_branches (config_id, branch_id, kfb_info_detail_id, not_tested) VALUES (16, 101, 19, false);
INSERT INTO public.config_branches (config_id, branch_id, kfb_info_detail_id, not_tested) VALUES (16, 102, 19, false);
INSERT INTO public.config_branches (config_id, branch_id, kfb_info_detail_id, not_tested) VALUES (16, 53, 19, false);
INSERT INTO public.config_branches (config_id, branch_id, kfb_info_detail_id, not_tested) VALUES (16, 54, 19, false);
INSERT INTO public.config_branches (config_id, branch_id, kfb_info_detail_id, not_tested) VALUES (16, 55, 19, false);
INSERT INTO public.config_branches (config_id, branch_id, kfb_info_detail_id, not_tested) VALUES (16, 52, 19, false);
INSERT INTO public.config_branches (config_id, branch_id, kfb_info_detail_id, not_tested) VALUES (16, 56, 19, false);
INSERT INTO public.config_branches (config_id, branch_id, kfb_info_detail_id, not_tested) VALUES (16, 57, 19, false);
INSERT INTO public.config_branches (config_id, branch_id, kfb_info_detail_id, not_tested) VALUES (16, 58, 19, false);
INSERT INTO public.config_branches (config_id, branch_id, kfb_info_detail_id, not_tested) VALUES (16, 59, 19, false);
INSERT INTO public.config_branches (config_id, branch_id, kfb_info_detail_id, not_tested) VALUES (16, 60, 19, false);
INSERT INTO public.config_branches (config_id, branch_id, kfb_info_detail_id, not_tested) VALUES (16, 61, 19, false);
INSERT INTO public.config_branches (config_id, branch_id, kfb_info_detail_id, not_tested) VALUES (16, 62, 19, false);
INSERT INTO public.config_branches (config_id, branch_id, kfb_info_detail_id, not_tested) VALUES (16, 63, 19, false);
INSERT INTO public.config_branches (config_id, branch_id, kfb_info_detail_id, not_tested) VALUES (16, 91, 16, false);


--
-- Data for Name: esp_pin_mappings; Type: TABLE DATA; Schema: public; Owner: supabase_admin
--

INSERT INTO public.esp_pin_mappings (config_id, kfb_info_detail_id, branch_id, pin_number, created_at, updated_at) VALUES (16, 18, 91, 7, '2025-06-16 09:53:10.858292+00', '2025-06-16 09:53:10.858292+00');
INSERT INTO public.esp_pin_mappings (config_id, kfb_info_detail_id, branch_id, pin_number, created_at, updated_at) VALUES (16, 17, 52, 5, '2025-06-16 09:59:01.400855+00', '2025-06-16 09:59:01.400855+00');
INSERT INTO public.esp_pin_mappings (config_id, kfb_info_detail_id, branch_id, pin_number, created_at, updated_at) VALUES (16, 18, 57, 5, '2025-06-16 10:06:52.346049+00', '2025-06-16 10:06:52.346049+00');
INSERT INTO public.esp_pin_mappings (config_id, kfb_info_detail_id, branch_id, pin_number, created_at, updated_at) VALUES (16, 16, 90, 6, '2025-06-16 12:02:22.792696+00', '2025-06-16 12:02:22.792696+00');
INSERT INTO public.esp_pin_mappings (config_id, kfb_info_detail_id, branch_id, pin_number, created_at, updated_at) VALUES (16, 16, 91, 5, '2025-06-16 12:02:51.378806+00', '2025-06-16 12:02:51.378806+00');
INSERT INTO public.esp_pin_mappings (config_id, kfb_info_detail_id, branch_id, pin_number, created_at, updated_at) VALUES (16, 16, 92, 4, '2025-06-16 12:02:57.837108+00', '2025-06-16 12:02:57.837108+00');
INSERT INTO public.esp_pin_mappings (config_id, kfb_info_detail_id, branch_id, pin_number, created_at, updated_at) VALUES (16, 16, 61, 3, '2025-06-16 12:02:59.614754+00', '2025-06-16 12:02:59.614754+00');
INSERT INTO public.esp_pin_mappings (config_id, kfb_info_detail_id, branch_id, pin_number, created_at, updated_at) VALUES (16, 16, 63, 9, '2025-06-16 12:03:05.653838+00', '2025-06-16 12:03:05.653838+00');
INSERT INTO public.esp_pin_mappings (config_id, kfb_info_detail_id, branch_id, pin_number, created_at, updated_at) VALUES (16, 16, 62, 8, '2025-06-16 12:03:13.672304+00', '2025-06-16 12:03:13.672304+00');
INSERT INTO public.esp_pin_mappings (config_id, kfb_info_detail_id, branch_id, pin_number, created_at, updated_at) VALUES (16, 17, 90, 6, '2025-06-23 06:00:44.999061+00', '2025-06-23 06:00:44.999061+00');


--
-- Name: branches_id_seq; Type: SEQUENCE SET; Schema: public; Owner: supabase_admin
--

SELECT pg_catalog.setval('public.branches_id_seq', 102, true);


--
-- Name: configurations_id_seq; Type: SEQUENCE SET; Schema: public; Owner: supabase_admin
--

SELECT pg_catalog.setval('public.configurations_id_seq', 16, true);


--
-- Name: kfb_info_details_id_seq; Type: SEQUENCE SET; Schema: public; Owner: supabase_admin
--

SELECT pg_catalog.setval('public.kfb_info_details_id_seq', 19, true);


--
-- PostgreSQL database dump complete
--

